﻿{
  "dependencies": {
    "Microsoft.NETCore.App": {
      "version": "1.0.1",
      "type": "platform"
    },
    "Microsoft.AspNetCore.Diagnostics": "1.0.0",
    "Microsoft.AspNetCore.Server.IISIntegration": "1.0.0",
    "Microsoft.AspNetCore.Server.Kestrel": "1.0.1",
    "Microsoft.Extensions.Logging.Console": "1.0.0",
    //Dependence for MVC
    "Microsoft.AspNetCore.Mvc": "1.1.1",
    "Microsoft.AspNetCore.StaticFiles": "1.1.0",
    "Microsoft.Extensions.Configuration.FileExtensions": "1.1.0",
    "Microsoft.Extensions.Configuration.Json": "1.1.0",
    //Dependence for EF
    "Microsoft.EntityFrameworkCore": "1.1.0",
    //"Microsoft.EntityFrameworkCore.InMemory": "1.1.0",
    //"Microsoft.EntityFrameworkCore.SqlServer": "1.0.0",
    //"Microsoft.EntityFrameworkCore.Tools":"1.1.0-preview4-final"
    //"Microsoft.EntityFrameworkCore.Tools": {
    //  "version": "1.0.0-preview2-final",
    //  "type": "build"
    //}
    //Dependence for EF with SQL, this is avalible under VS 2017 RC
    //"Microsoft.EntityFrameworkCore.SqlServer": "1.1.0",
    //Entity Framework commands to maintain the database
    "Microsoft.EntityFrameworkCore.Tools": "1.0.0-preview4-final"
  },
  "tools": {
    "Microsoft.AspNetCore.Server.IISIntegration.Tools": "1.0.0-preview2-final"
    //"Microsoft.EntityFrameworkCore.Tools": "1.0.0-preview2-final"
  },

  "frameworks": {
    "netcoreapp1.0": {
      "imports": [
        "dotnet5.6",
        "portable-net45+win8"
      ]
    }
  },

  "buildOptions": {
    "emitEntryPoint": true,
    //used for Razor pages which are compiled at runtime,and the compiler needs access to reference assemblies,
    //to make sure it compiles correctly
    "preserveCompilationContext": true
  },

  "runtimeOptions": {
    "configProperties": {
      "System.GC.Server": true
    }
  },

  "publishOptions": {
    "include": [
      "wwwroot",
      "web.config"
    ]
  },

  "scripts": {
    "postpublish": [ "dotnet publish-iis --publish-folder %publish:OutputPath% --framework %publish:FullTargetFramework%" ]
  }
}
